{
    "means": [
        [
            0,
            0,
            0
        ],
        [
            0,
            0,
            0
        ]
    ],
    "opacities": [
        [
            -1.3365949392318726
        ],
        [
            -1.3365949392318726
        ]
    ],
    "scalings": [
        [
            -5,
            -5,
            -5
        ],
        [
            -5,
            -5,
            -5
        ]
    ],
    "rotations": [
        [
            0.0,
            0.0,
            0.0,
            1.0
        ],
        [
            0.0,
            0.0,
            0.0,
            1.0
        ]
    ],
    "colors": [
        [
            0.20881259441375732,
            0.22372186183929443,
            0.2298222780227661
        ],
        [
            0.20881259441375732,
            0.22372186183929443,
            0.2298222780227661
        ]
    ]

}